"DESCRIPTION","DURATION IN MS","NAME","PARENT SUITE","START TIME","STATUS","STOP TIME","SUB SUITE","SUITE","TEST CLASS","TEST METHOD"
"","309","Create exercise","LMS service","2026-10-07","passed","2026-10-07","Create entity","Exercises","",""
"","716","Attempt to create user with email: example.com","LMS service","2026-10-07","passed","2026-10-07","Create entity","Users","",""
"","1110","Create file","LMS service","2026-10-07","passed","2026-10-07","Create entity","Files","",""
"","344","Update course","LMS service","2026-10-07","passed","2026-10-07","Update entity","Courses","",""
"","617","Delete file","LMS service","2026-10-07","passed","2026-10-07","Delete entity","Files","",""
"","996","Create file with empty directory","LMS service","2026-10-07","passed","2026-10-07","Validate entity","Files","",""
"","715","Attempt to create user with email: mail.ru","LMS service","2026-10-07","passed","2026-10-07","Create entity","Users","",""
"","707","Attempt to create user with email: gmail.com","LMS service","2026-10-07","passed","2026-10-07","Create entity","Users","",""
"","342","Create course","LMS service","2026-10-07","passed","2026-10-07","Create entity","Courses","",""
"","386","Get user me","LMS service","2026-10-07","passed","2026-10-07","Get entity","Users","",""
"","678","Login with correct email and password","LMS service","2026-10-07","passed","2026-10-07","Login","Authentication","",""
"","357","Update exercise","LMS service","2026-10-07","passed","2026-10-07","Update entity","Exercises","",""
"","671","Delete exercise","LMS service","2026-10-07","passed","2026-10-07","Delete entity","Exercises","",""
"","1073","Create file with empty filename","LMS service","2026-10-07","passed","2026-10-07","Validate entity","Files","",""
"","325","Get exercises","LMS service","2026-10-07","passed","2026-10-07","Get entities","Exercises","",""
"","397","Get file with incorrect file id","LMS service","2026-10-07","passed","2026-10-07","Validate entity","Files","",""
"","408","Get courses","LMS service","2026-10-07","passed","2026-10-07","Get entities","Courses","",""
"","317","Get file","LMS service","2026-10-07","passed","2026-10-07","Get entity","Files","",""
"","323","Get exercise","LMS service","2026-10-07","passed","2026-10-07","Get entity","Exercises","",""
